{ "compressionlevel":-1,
 "height":40,
 "infinite":false,
 "layers":[
        {
         "id":13,
         "image":"image_bg.jpeg",
         "name":"Image Layer 1",
         "offsetx":-100,
         "offsety":-100,
         "opacity":0.6,
         "parallaxx":1.2,
         "parallaxy":1.2,
         "type":"imagelayer",
         "visible":true,
         "x":0,
         "y":0
        }, 
        {
         "id":9,
         "layers":[
                {
                 "data":[0, 0, 0, 0, 0, 0, 0, 0, 0, 0, 0, 0, 0, 0, 0, 0, 0, 0, 0, 0, 0, 0, 0, 0, 0, 0, 0, 0, 0, 0, 0, 0, 0, 0, 0, 0, 0, 0, 0, 0, 0, 0, 0, 0, 0, 0, 0, 0, 0, 0, 0, 0, 0, 0, 0, 0, 0, 0, 0, 0,
                    0, 0, 0, 227, 2, 2, 5, 7, 7, 6, 2, 2, 228, 226, 0, 0, 0, 0, 0, 0, 0, 0, 0, 0, 0, 0, 0, 0, 0, 0, 0, 0, 0, 0, 0, 0, 0, 0, 0, 0, 0, 0, 0, 0, 0, 0, 0, 0, 0, 0, 0, 0, 0, 0, 0, 0, 0, 0, 0, 0,
                    0, 0, 0, 0, 34, 34, 39, 101, 101, 39, 34, 34, 34, 0, 0, 0, 0, 0, 0, 0, 0, 0, 0, 0, 0, 0, 0, 0, 0, 0, 0, 0, 0, 0, 0, 0, 0, 0, 0, 0, 0, 0, 0, 0, 0, 0, 0, 0, 0, 0, 0, 0, 0, 0, 0, 0, 0, 0, 0, 0,
                    0, 0, 0, 130, 130, 131, 69, 133, 133, 69, 131, 130, 132, 0, 0, 0, 0, 0, 0, 0, 0, 0, 0, 0, 0, 0, 0, 0, 0, 0, 0, 0, 0, 0, 0, 0, 0, 0, 0, 0, 0, 0, 0, 0, 0, 0, 0, 0, 0, 0, 0, 0, 0, 0, 0, 0, 0, 0, 0, 0,
                    0, 0, 0, 130, 130, 131, 131, 131, 131, 131, 131, 130, 132, 0, 0, 0, 0, 0, 0, 0, 0, 0, 0, 0, 0, 0, 0, 0, 0, 0, 0, 0, 0, 0, 0, 0, 0, 0, 0, 0, 0, 0, 0, 0, 0, 0, 0, 0, 0, 0, 0, 0, 0, 0, 0, 0, 0, 0, 0, 0,
                    0, 0, 0, 130, 130, 130, 130, 130, 130, 130, 130, 130, 132, 0, 0, 0, 0, 0, 0, 0, 0, 0, 0, 0, 0, 0, 0, 0, 0, 0, 0, 0, 0, 0, 0, 0, 0, 0, 0, 0, 0, 0, 0, 0, 0, 0, 0, 0, 0, 0, 0, 0, 0, 0, 0, 0, 0, 0, 0, 0,
                    0, 0, 0, 132, 163, 163, 163, 163, 163, 163, 163, 163, 132, 0, 0, 0, 0, 0, 0, 0, 0, 0, 0, 0, 0, 0, 0, 0, 0, 0, 0, 0, 0, 0, 0, 0, 0, 0, 0, 0, 0, 0, 0, 0, 0, 0, 0, 0, 0, 0, 0, 0, 0, 0, 0, 0, 0, 0, 0, 0,
                    0, 0, 0, 132, 194, 194, 194, 194, 194, 194, 194, 194, 132, 0, 0, 0, 0, 0, 0, 0, 0, 0, 0, 0, 0, 0, 0, 0, 0, 0, 0, 0, 0, 0, 0, 0, 130, 130, 130, 130, 130, 130, 130, 130, 130, 130, 130, 130, 130, 130, 130, 130, 130, 130, 0, 0, 0, 0, 0, 0,
                    0, 0, 0, 132, 132, 132, 132, 132, 132, 132, 132, 132, 132, 0, 0, 0, 0, 0, 0, 0, 0, 0, 0, 0, 0, 0, 0, 0, 0, 0, 0, 0, 0, 0, 0, 0, 0, 0, 0, 0, 0, 0, 0, 0, 0, 0, 0, 0, 0, 0, 0, 0, 0, 0, 0, 0, 0, 0, 0, 0,
                    0, 0, 0, 132, 130, 130, 130, 130, 130, 130, 130, 130, 132, 0, 0, 0, 0, 0, 0, 0, 0, 0, 0, 0, 0, 0, 0, 0, 0, 0, 0, 0, 0, 0, 0, 0, 0, 0, 0, 0, 0, 0, 0, 0, 0, 0, 0, 0, 0, 0, 0, 0, 0, 0, 0, 0, 0, 0, 0, 0,
                    0, 0, 0, 132, 130, 130, 130, 130, 131, 131, 131, 130, 132, 0, 0, 0, 0, 0, 0, 0, 0, 0, 0, 0, 0, 0, 0, 0, 0, 0, 0, 0, 0, 0, 0, 0, 0, 0, 0, 0, 0, 0, 0, 0, 0, 0, 0, 0, 0, 0, 0, 0, 0, 0, 0, 0, 0, 0, 0, 0,
                    0, 0, 0, 132, 131, 130, 130, 130, 131, 131, 131, 130, 132, 0, 0, 0, 0, 0, 0, 0, 0, 0, 0, 0, 0, 0, 0, 0, 0, 0, 0, 0, 0, 0, 0, 0, 0, 0, 0, 0, 0, 0, 0, 0, 0, 0, 0, 0, 0, 0, 0, 0, 0, 0, 0, 0, 0, 0, 0, 0,
                    0, 0, 0, 132, 131, 131, 131, 130, 130, 130, 130, 131, 132, 0, 0, 0, 0, 0, 0, 0, 0, 0, 0, 0, 0, 0, 0, 0, 0, 0, 0, 0, 0, 0, 0, 0, 0, 0, 0, 0, 0, 0, 0, 0, 0, 0, 0, 0, 0, 0, 0, 0, 0, 0, 0, 0, 0, 0, 0, 0,
                    0, 0, 0, 130, 130, 130, 130, 130, 130, 130, 130, 130, 163, 0, 0, 0, 0, 0, 0, 0, 0, 0, 0, 0, 0, 0, 0, 0, 0, 0, 0, 0, 0, 0, 0, 0, 0, 0, 0, 0, 0, 0, 0, 0, 0, 0, 0, 0, 0, 0, 0, 0, 0, 0, 0, 0, 0, 0, 0, 0,
                    0, 0, 0, 131, 131, 131, 131, 131, 163, 163, 163, 131, 131, 0, 0, 0, 0, 0, 0, 0, 0, 0, 0, 0, 0, 0, 0, 0, 0, 0, 0, 0, 0, 0, 0, 0, 0, 0, 0, 0, 0, 0, 0, 0, 0, 0, 0, 0, 0, 0, 0, 0, 0, 0, 0, 0, 0, 0, 0, 0,
                    0, 0, 0, 130, 163, 163, 163, 163, 163, 131, 131, 131, 131, 131, 131, 131, 131, 197, 131, 130, 131, 0, 132, 132, 0, 132, 132, 195, 0, 0, 0, 0, 0, 0, 0, 0, 0, 0, 0, 0, 0, 0, 0, 0, 0, 0, 0, 0, 0, 0, 0, 0, 0, 0, 0, 0, 0, 0, 0, 0,
                    0, 0, 0, 130, 163, 163, 163, 163, 163, 163, 163, 163, 131, 131, 131, 131, 131, 131, 131, 130, 131, 132, 132, 132, 132, 132, 131, 195, 0, 0, 0, 0, 0, 0, 0, 0, 0, 0, 0, 0, 0, 0, 0, 0, 0, 0, 0, 0, 0, 0, 0, 0, 0, 0, 0, 0, 0, 0, 0, 0,
                    0, 0, 0, 130, 163, 163, 163, 163, 163, 163, 163, 163, 131, 131, 131, 131, 131, 131, 131, 130, 131, 132, 132, 132, 132, 132, 131, 195, 0, 0, 130, 130, 130, 0, 0, 0, 0, 0, 0, 0, 0, 0, 0, 0, 0, 0, 0, 0, 0, 0, 0, 0, 0, 0, 0, 0, 0, 0, 0, 0,
                    0, 0, 0, 130, 130, 130, 130, 130, 130, 130, 130, 130, 130, 130, 130, 130, 130, 130, 130, 130, 131, 131, 131, 131, 131, 132, 131, 195, 130, 130, 130, 130, 130, 130, 130, 130, 0, 0, 0, 0, 0, 0, 0, 0, 0, 0, 130, 130, 130, 130, 130, 130, 130, 130, 130, 130, 130, 130, 0, 0,
                    0, 0, 0, 0, 0, 0, 0, 0, 0, 0, 0, 0, 0, 0, 0, 0, 0, 0, 0, 0, 0, 0, 0, 0, 0, 0, 0, 0, 0, 0, 0, 0, 0, 0, 0, 0, 0, 0, 0, 0, 0, 0, 0, 0, 0, 0, 0, 0, 0, 0, 0, 0, 0, 0, 0, 0, 0, 0, 0, 0,
                    0, 0, 0, 0, 0, 0, 0, 0, 0, 0, 0, 0, 0, 0, 0, 0, 0, 0, 0, 0, 0, 0, 0, 0, 0, 0, 0, 0, 0, 0, 0, 0, 0, 0, 0, 0, 0, 0, 0, 0, 0, 0, 0, 0, 0, 0, 0, 0, 0, 0, 0, 0, 0, 0, 0, 0, 0, 0, 0, 0,
                    0, 0, 0, 0, 0, 0, 0, 0, 0, 0, 0, 0, 0, 0, 0, 0, 0, 0, 0, 0, 0, 0, 0, 0, 0, 0, 0, 0, 0, 0, 0, 0, 0, 0, 0, 0, 0, 0, 0, 0, 0, 0, 0, 0, 0, 0, 0, 0, 0, 0, 0, 0, 0, 0, 0, 0, 0, 0, 0, 0,
                    0, 0, 0, 0, 0, 0, 0, 0, 0, 0, 0, 0, 0, 0, 0, 0, 0, 0, 0, 0, 0, 0, 0, 0, 0, 0, 0, 0, 0, 0, 0, 0, 0, 0, 0, 0, 0, 0, 0, 0, 0, 0, 0, 0, 0, 0, 0, 0, 0, 0, 0, 0, 0, 0, 0, 0, 0, 0, 0, 0,
                    0, 0, 0, 0, 0, 0, 0, 0, 0, 0, 0, 0, 0, 0, 0, 0, 0, 0, 0, 0, 0, 0, 0, 0, 0, 0, 0, 0, 0, 0, 0, 0, 0, 0, 0, 0, 0, 0, 0, 0, 0, 0, 0, 0, 0, 0, 0, 0, 0, 0, 0, 0, 0, 0, 0, 0, 0, 0, 0, 0,
                    0, 0, 0, 0, 0, 0, 0, 0, 0, 0, 0, 0, 0, 0, 0, 0, 0, 0, 0, 0, 0, 0, 0, 0, 0, 0, 0, 0, 0, 0, 0, 0, 0, 0, 0, 0, 0, 0, 0, 0, 0, 0, 0, 0, 0, 0, 0, 0, 0, 0, 0, 0, 0, 0, 0, 0, 0, 0, 0, 0,
                    0, 0, 0, 0, 0, 0, 0, 0, 0, 0, 0, 0, 0, 0, 0, 0, 0, 0, 0, 0, 0, 0, 0, 0, 0, 0, 0, 0, 0, 0, 0, 0, 0, 0, 0, 0, 0, 0, 0, 0, 0, 0, 0, 0, 0, 0, 0, 0, 0, 0, 0, 0, 0, 0, 0, 0, 0, 0, 0, 0,
                    0, 0, 0, 0, 0, 0, 0, 0, 0, 0, 0, 0, 0, 0, 0, 0, 0, 0, 0, 0, 0, 0, 0, 0, 0, 0, 0, 0, 0, 0, 0, 0, 0, 0, 0, 0, 0, 0, 0, 0, 0, 0, 0, 0, 0, 0, 0, 0, 0, 0, 0, 0, 0, 0, 0, 0, 0, 0, 0, 0,
                    0, 0, 0, 0, 0, 0, 0, 0, 0, 0, 0, 0, 0, 0, 0, 0, 0, 0, 0, 0, 0, 0, 0, 0, 0, 0, 0, 0, 0, 0, 0, 0, 0, 0, 0, 0, 0, 0, 0, 0, 0, 0, 0, 0, 0, 0, 0, 0, 0, 0, 0, 0, 0, 0, 0, 0, 0, 0, 0, 0,
                    0, 0, 0, 0, 0, 0, 0, 0, 0, 0, 0, 0, 0, 0, 0, 0, 0, 0, 0, 0, 0, 0, 0, 0, 0, 0, 0, 0, 0, 0, 0, 0, 0, 0, 0, 0, 0, 0, 0, 0, 0, 0, 0, 0, 0, 0, 0, 0, 0, 0, 0, 0, 0, 0, 0, 0, 0, 0, 0, 0,
                    0, 0, 0, 0, 0, 0, 0, 0, 0, 0, 0, 0, 0, 0, 0, 0, 0, 0, 0, 0, 0, 0, 0, 0, 0, 0, 0, 0, 0, 0, 0, 0, 0, 0, 0, 0, 0, 0, 0, 0, 0, 0, 0, 0, 0, 0, 0, 0, 0, 0, 0, 0, 0, 0, 0, 0, 0, 0, 0, 0,
                    0, 0, 0, 0, 0, 0, 0, 0, 0, 0, 0, 0, 0, 0, 0, 0, 0, 0, 0, 0, 0, 0, 0, 0, 0, 0, 0, 0, 0, 0, 0, 0, 0, 0, 0, 0, 0, 0, 0, 0, 0, 0, 0, 0, 0, 0, 0, 0, 0, 0, 0, 0, 0, 0, 0, 0, 0, 0, 0, 0,
                    0, 0, 0, 0, 0, 0, 0, 0, 0, 0, 0, 0, 0, 0, 0, 0, 0, 0, 0, 0, 0, 0, 0, 0, 0, 0, 0, 0, 0, 0, 0, 0, 0, 0, 0, 0, 0, 0, 0, 0, 0, 0, 0, 0, 0, 0, 0, 0, 0, 0, 0, 0, 0, 0, 0, 0, 0, 0, 0, 0,
                    0, 0, 0, 0, 0, 0, 0, 0, 0, 0, 0, 0, 0, 0, 0, 0, 0, 0, 0, 0, 0, 0, 0, 0, 0, 0, 0, 0, 0, 0, 0, 0, 0, 0, 0, 0, 0, 0, 0, 0, 0, 0, 0, 0, 0, 0, 0, 0, 0, 0, 0, 0, 0, 0, 0, 0, 0, 0, 0, 0,
                    0, 0, 0, 0, 0, 0, 0, 0, 0, 0, 0, 0, 0, 0, 0, 0, 0, 0, 0, 0, 0, 0, 0, 0, 0, 0, 0, 0, 0, 0, 0, 0, 0, 0, 0, 0, 0, 0, 0, 0, 0, 0, 0, 0, 0, 0, 0, 0, 0, 0, 0, 0, 0, 0, 0, 0, 0, 0, 0, 0,
                    0, 0, 0, 0, 0, 0, 0, 0, 0, 0, 0, 0, 0, 0, 0, 0, 0, 0, 0, 0, 0, 0, 0, 0, 0, 0, 0, 0, 0, 0, 0, 0, 0, 0, 0, 0, 0, 0, 0, 0, 0, 0, 0, 0, 0, 0, 0, 0, 0, 0, 0, 0, 0, 0, 0, 0, 0, 0, 0, 0,
                    0, 0, 0, 0, 0, 0, 0, 0, 0, 0, 0, 0, 0, 0, 0, 0, 0, 0, 0, 0, 0, 0, 0, 0, 0, 0, 0, 0, 0, 0, 0, 0, 0, 0, 0, 0, 0, 0, 0, 0, 0, 0, 0, 0, 0, 0, 0, 0, 0, 0, 0, 0, 0, 0, 0, 0, 0, 0, 0, 0,
                    0, 0, 0, 0, 0, 0, 0, 0, 0, 0, 0, 0, 0, 0, 0, 0, 0, 0, 0, 0, 0, 0, 0, 0, 0, 0, 0, 0, 0, 0, 0, 0, 0, 0, 0, 0, 0, 0, 0, 0, 0, 0, 0, 0, 0, 0, 0, 0, 0, 0, 0, 0, 0, 0, 0, 0, 0, 0, 0, 0,
                    0, 0, 0, 0, 0, 0, 0, 0, 0, 0, 0, 131, 131, 131, 131, 131, 131, 131, 131, 163, 163, 163, 163, 163, 163, 163, 163, 163, 163, 163, 163, 163, 163, 163, 163, 163, 163, 163, 163, 163, 163, 163, 163, 163, 163, 163, 163, 163, 163, 163, 163, 163, 163, 163, 163, 0, 0, 0, 0, 0,
                    0, 0, 0, 0, 0, 0, 0, 0, 0, 0, 0, 0, 0, 0, 0, 0, 0, 0, 0, 0, 0, 0, 0, 0, 0, 0, 0, 0, 0, 0, 0, 0, 0, 0, 0, 0, 0, 0, 0, 0, 0, 0, 0, 0, 0, 0, 0, 0, 0, 0, 0, 0, 0, 0, 0, 0, 0, 0, 0, 0,
                    0, 0, 0, 0, 0, 0, 0, 0, 0, 0, 0, 0, 0, 0, 0, 0, 0, 0, 0, 0, 0, 0, 0, 0, 0, 0, 0, 0, 0, 0, 0, 0, 0, 0, 0, 0, 0, 0, 0, 0, 0, 0, 0, 0, 0, 0, 0, 0, 0, 0, 0, 0, 0, 0, 0, 0, 0, 0, 0, 0],
                 "height":40,
                 "id":1,
                 "name":"Tile Layer 1",
                 "opacity":1,
                 "type":"tilelayer",
                 "visible":true,
                 "width":60,
                 "x":0,
                 "y":0
                }, 
                {
                 "data":[0, 0, 0, 0, 0, 0, 0, 0, 0, 0, 0, 0, 0, 0, 0, 0, 0, 0, 0, 0, 0, 0, 0, 0, 0, 0, 0, 0, 0, 0, 0, 0, 0, 0, 0, 0, 0, 0, 0, 0, 0, 0, 0, 0, 0, 0, 0, 0, 0, 0, 0, 0, 0, 0, 0, 0, 0, 0, 0, 0,
                    0, 0, 0, 0, 0, 0, 0, 0, 0, 0, 0, 0, 0, 0, 0, 0, 0, 0, 0, 0, 0, 0, 0, 0, 0, 0, 0, 0, 0, 0, 0, 0, 0, 0, 0, 0, 0, 0, 0, 0, 0, 0, 0, 0, 0, 0, 0, 0, 0, 0, 0, 0, 0, 0, 0, 0, 0, 0, 0, 0,
                    0, 0, 0, 259, 0, 0, 0, 0, 0, 0, 0, 0, 0, 258, 0, 0, 0, 0, 0, 0, 0, 0, 0, 0, 0, 0, 0, 0, 0, 0, 0, 225, 2, 2, 2, 2, 2, 2, 2, 2, 2, 2, 2, 2, 2, 2, 2, 2, 2, 2, 2, 2, 2, 2, 2, 2, 2, 2, 226, 0,
                    0, 0, 0, 258, 659, 0, 0, 0, 0, 0, 0, 0, 0, 258, 0, 0, 0, 0, 0, 0, 0, 0, 0, 0, 0, 0, 0, 0, 0, 0, 0, 257, 34, 34, 66, 34, 34, 66, 34, 34, 66, 34, 34, 67, 34, 67, 34, 67, 34, 98, 34, 98, 34, 98, 34, 99, 34, 99, 258, 0,
                    0, 0, 0, 258, 0, 0, 0, 0, 0, 0, 0, 659, 0, 258, 0, 0, 0, 0, 0, 0, 0, 0, 0, 0, 0, 0, 0, 0, 0, 0, 0, 257, 130, 130, 130, 130, 130, 130, 130, 130, 130, 130, 130, 130, 130, 130, 130, 130, 130, 130, 130, 130, 130, 130, 130, 130, 130, 130, 258, 0,
                    0, 0, 0, 258, 391, 0, 390, 0, 0, 0, 0, 0, 0, 258, 0, 0, 0, 0, 0, 0, 0, 0, 0, 0, 0, 0, 0, 0, 0, 0, 0, 257, 130, 130, 130, 130, 130, 130, 130, 130, 130, 130, 130, 130, 130, 130, 130, 130, 130, 130, 130, 130, 130, 130, 130, 130, 130, 130, 258, 0,
                    0, 0, 0, 258, 0, 0, 0, 0, 0, 0, 0, 0, 0, 258, 0, 0, 0, 0, 0, 0, 0, 0, 0, 0, 0, 0, 0, 0, 0, 0, 0, 257, 130, 130, 130, 130, 130, 130, 130, 130, 130, 130, 130, 130, 130, 130, 130, 130, 130, 130, 130, 130, 130, 130, 130, 130, 130, 130, 258, 0,
                    0, 0, 0, 258, 0, 0, 0, 0, 0, 0, 0, 0, 0, 258, 0, 0, 0, 0, 0, 0, 0, 0, 0, 0, 0, 0, 0, 0, 0, 0, 0, 257, 130, 130, 130, 130, 325, 325, 325, 325, 325, 325, 325, 325, 325, 325, 325, 325, 325, 325, 325, 325, 325, 325, 130, 130, 130, 130, 258, 0,
                    0, 0, 0, 258, 0, 0, 0, 0, 0, 0, 596, 0, 0, 258, 0, 0, 0, 0, 0, 0, 0, 0, 0, 0, 0, 0, 0, 0, 0, 0, 0, 257, 130, 130, 130, 130, 294, 34, 34, 34, 34, 34, 34, 34, 34, 34, 34, 34, 34, 34, 34, 34, 34, 293, 130, 130, 130, 130, 258, 0,
                    0, 0, 0, 258, 0, 0, 0, 0, 0, 0, 0, 0, 0, 258, 0, 0, 0, 0, 0, 0, 0, 0, 0, 0, 0, 0, 0, 0, 0, 0, 0, 257, 130, 130, 130, 130, 258, 0, 0, 0, 0, 0, 0, 0, 0, 0, 0, 0, 0, 0, 0, 0, 0, 257, 130, 130, 130, 130, 258, 0,
                    0, 0, 0, 258, 0, 0, 0, 0, 0, 0, 0, 0, 0, 258, 0, 0, 0, 0, 0, 0, 0, 0, 0, 0, 0, 0, 0, 0, 0, 0, 0, 257, 130, 130, 130, 130, 258, 0, 0, 0, 0, 0, 0, 0, 0, 0, 0, 0, 0, 0, 0, 0, 0, 257, 130, 130, 130, 130, 258, 0,
                    0, 0, 0, 258, 0, 596, 0, 0, 0, 0, 0, 0, 0, 258, 0, 0, 0, 0, 0, 0, 0, 0, 0, 0, 0, 0, 0, 0, 0, 0, 0, 257, 130, 130, 130, 130, 258, 0, 0, 0, 0, 0, 0, 0, 0, 0, 0, 0, 0, 0, 0, 0, 0, 257, 130, 130, 130, 130, 258, 0,
                    0, 0, 0, 258, 659, 0, 0, 0, 0, 0, 0, 0, 0, 258, 0, 0, 0, 0, 0, 0, 0, 0, 0, 0, 0, 0, 0, 0, 0, 0, 0, 257, 130, 130, 130, 130, 258, 0, 0, 0, 0, 0, 0, 0, 0, 0, 0, 0, 0, 0, 0, 0, 0, 257, 130, 130, 130, 130, 258, 0,
                    0, 0, 0, 258, 0, 0, 0, 0, 0, 0, 0, 0, 0, 262, 227, 167, 227, 227, 167, 227, 7, 167, 2, 2, 167, 7, 2, 228, 2, 2, 2, 261, 130, 130, 130, 130, 258, 0, 0, 0, 0, 225, 2, 2, 2, 2, 2, 2, 7, 2, 2, 2, 2, 261, 130, 130, 130, 130, 258, 0,
                    0, 0, 0, 258, 0, 0, 0, 0, 0, 0, 0, 0, 0, 34, 34, 199, 34, 165, 199, 34, 39, 199, 34, 34, 199, 101, 34, 34, 34, 34, 34, 34, 130, 130, 130, 130, 258, 0, 0, 0, 0, 257, 34, 34, 34, 165, 34, 34, 101, 34, 34, 165, 34, 34, 130, 130, 130, 130, 258, 0,
                    0, 0, 0, 258, 0, 0, 0, 0, 0, 0, 0, 0, 0, 0, 0, 231, 0, 0, 231, 0, 69, 231, 0, 0, 231, 133, 0, 0, 130, 130, 130, 130, 130, 130, 130, 130, 258, 0, 0, 0, 0, 257, 130, 130, 130, 130, 130, 130, 133, 130, 130, 130, 130, 130, 130, 130, 130, 130, 258, 0,
                    0, 0, 0, 258, 0, 0, 0, 0, 0, 0, 0, 0, 0, 0, 0, 0, 0, 0, 0, 0, 0, 0, 0, 0, 0, 0, 0, 0, 130, 130, 130, 130, 130, 130, 130, 130, 258, 0, 0, 0, 0, 257, 130, 130, 130, 130, 130, 130, 130, 130, 131, 131, 131, 131, 131, 131, 131, 131, 258, 0,
                    0, 0, 0, 258, 0, 0, 196, 0, 0, 0, 0, 0, 0, 0, 0, 659, 0, 0, 0, 0, 0, 0, 0, 0, 0, 0, 0, 0, 130, 130, 130, 130, 130, 130, 130, 130, 258, 0, 0, 0, 0, 257, 130, 130, 130, 130, 130, 130, 130, 130, 131, 131, 131, 131, 131, 131, 131, 131, 258, 0,
                    0, 0, 0, 262, 325, 325, 325, 325, 325, 325, 325, 325, 325, 325, 325, 325, 325, 325, 325, 325, 325, 325, 325, 325, 325, 325, 325, 325, 325, 325, 325, 325, 325, 325, 325, 325, 258, 0, 0, 0, 0, 257, 130, 130, 130, 130, 325, 325, 325, 325, 325, 325, 325, 325, 325, 325, 325, 325, 258, 0,
                    0, 0, 0, 323, 323, 323, 323, 323, 323, 323, 323, 323, 323, 323, 323, 323, 323, 323, 323, 323, 323, 323, 323, 323, 323, 323, 323, 324, 34, 34, 34, 34, 34, 34, 34, 34, 290, 0, 0, 0, 0, 257, 130, 130, 130, 130, 294, 34, 34, 34, 34, 34, 34, 34, 34, 34, 34, 34, 290, 0,
                    0, 0, 0, 0, 0, 0, 0, 0, 0, 0, 0, 0, 0, 0, 0, 0, 0, 0, 0, 0, 0, 0, 0, 0, 0, 0, 0, 0, 0, 0, 0, 0, 0, 0, 0, 0, 0, 0, 0, 0, 0, 257, 130, 130, 130, 130, 258, 0, 0, 0, 0, 0, 0, 0, 0, 0, 0, 0, 0, 0,
                    0, 0, 0, 0, 0, 0, 0, 0, 0, 0, 0, 0, 0, 0, 0, 0, 0, 0, 0, 0, 0, 0, 0, 0, 0, 0, 0, 0, 0, 0, 0, 0, 0, 0, 0, 0, 0, 0, 0, 0, 0, 257, 130, 130, 130, 130, 258, 0, 0, 0, 0, 0, 0, 0, 0, 0, 0, 0, 0, 0,
                    0, 0, 0, 0, 0, 0, 0, 0, 0, 0, 0, 0, 0, 0, 0, 0, 0, 0, 0, 0, 0, 0, 0, 0, 0, 0, 0, 0, 0, 0, 0, 0, 0, 0, 0, 0, 0, 0, 0, 0, 0, 257, 130, 130, 130, 130, 258, 0, 0, 0, 0, 0, 0, 0, 0, 0, 0, 0, 0, 0,
                    0, 0, 0, 0, 0, 0, 0, 0, 0, 0, 0, 0, 0, 0, 0, 0, 0, 0, 0, 0, 0, 0, 0, 0, 0, 0, 0, 0, 0, 0, 0, 0, 0, 0, 0, 0, 0, 0, 0, 0, 0, 257, 163, 163, 163, 163, 258, 0, 0, 0, 0, 0, 0, 0, 0, 0, 0, 0, 0, 0,
                    0, 0, 0, 0, 0, 0, 0, 0, 0, 0, 0, 0, 0, 0, 0, 0, 0, 0, 0, 0, 0, 0, 0, 0, 0, 0, 0, 0, 0, 0, 0, 0, 0, 0, 0, 0, 0, 0, 0, 0, 0, 257, 163, 163, 163, 163, 258, 0, 0, 0, 0, 0, 0, 0, 0, 0, 0, 0, 0, 0,
                    0, 0, 0, 0, 0, 0, 0, 0, 0, 0, 0, 0, 0, 0, 0, 0, 0, 0, 0, 0, 0, 0, 0, 0, 0, 0, 0, 0, 0, 0, 0, 0, 0, 0, 0, 0, 225, 2, 2, 2, 2, 261, 163, 163, 163, 163, 262, 2, 7, 2, 2, 2, 7, 2, 2, 226, 0, 0, 0, 0,
                    0, 0, 0, 0, 0, 0, 0, 0, 0, 0, 0, 0, 0, 0, 0, 0, 0, 0, 0, 0, 0, 0, 0, 0, 0, 0, 0, 0, 0, 0, 0, 0, 0, 0, 0, 0, 257, 34, 34, 34, 34, 34, 163, 163, 163, 163, 34, 34, 39, 34, 34, 34, 39, 34, 34, 258, 0, 0, 0, 0,
                    0, 0, 0, 0, 0, 0, 0, 0, 0, 0, 0, 0, 0, 0, 0, 0, 0, 0, 0, 0, 0, 0, 0, 0, 0, 0, 0, 0, 0, 0, 0, 0, 0, 0, 0, 0, 257, 132, 132, 132, 132, 132, 132, 132, 132, 163, 163, 163, 69, 163, 163, 163, 69, 163, 163, 258, 0, 0, 0, 0,
                    0, 0, 0, 0, 0, 0, 0, 0, 0, 0, 0, 0, 0, 0, 0, 0, 0, 0, 0, 0, 0, 0, 0, 0, 0, 0, 0, 0, 0, 0, 0, 0, 0, 0, 0, 0, 257, 132, 132, 163, 163, 163, 163, 163, 163, 163, 163, 163, 163, 163, 130, 130, 130, 163, 163, 258, 0, 0, 0, 0,
                    0, 0, 0, 0, 0, 0, 0, 0, 0, 0, 0, 0, 0, 0, 0, 0, 0, 0, 0, 0, 0, 0, 0, 0, 0, 0, 0, 0, 0, 0, 0, 0, 0, 0, 0, 0, 257, 132, 132, 163, 163, 163, 163, 163, 163, 163, 163, 163, 163, 163, 163, 163, 130, 130, 163, 258, 0, 0, 0, 0,
                    0, 0, 0, 0, 0, 0, 0, 0, 0, 0, 0, 0, 0, 0, 0, 0, 0, 0, 0, 0, 0, 0, 0, 0, 0, 0, 0, 0, 0, 0, 0, 0, 0, 0, 0, 0, 257, 132, 132, 163, 163, 163, 163, 163, 163, 163, 163, 163, 132, 132, 132, 163, 163, 130, 163, 258, 0, 0, 0, 0,
                    0, 0, 0, 0, 0, 0, 0, 0, 0, 0, 0, 0, 0, 0, 0, 0, 0, 0, 0, 0, 0, 0, 0, 0, 0, 0, 0, 0, 0, 0, 0, 0, 0, 0, 0, 0, 257, 132, 132, 163, 163, 163, 163, 163, 163, 163, 163, 132, 132, 163, 132, 163, 163, 130, 163, 258, 0, 0, 0, 0,
                    0, 0, 0, 0, 0, 0, 0, 0, 0, 0, 225, 2, 2, 7, 2, 2, 167, 2, 2, 7, 2, 2, 167, 2, 2, 7, 2, 2, 167, 2, 2, 7, 2, 2, 167, 2, 261, 132, 132, 163, 163, 163, 163, 163, 163, 163, 163, 132, 163, 163, 163, 132, 163, 130, 163, 258, 0, 0, 0, 0,
                    0, 0, 0, 0, 0, 0, 0, 0, 0, 0, 257, 34, 34, 101, 34, 34, 199, 34, 34, 39, 34, 34, 199, 34, 34, 101, 34, 34, 199, 34, 34, 39, 34, 34, 199, 34, 34, 132, 132, 132, 163, 132, 163, 163, 163, 163, 163, 132, 163, 163, 163, 132, 132, 130, 163, 258, 0, 0, 0, 0,
                    0, 0, 0, 0, 0, 0, 0, 0, 0, 0, 257, 132, 132, 133, 132, 132, 231, 132, 132, 69, 132, 132, 231, 132, 132, 133, 132, 132, 231, 132, 132, 69, 132, 132, 231, 132, 163, 132, 163, 163, 163, 132, 132, 132, 132, 132, 132, 163, 163, 163, 132, 132, 130, 130, 163, 258, 0, 0, 0, 0,
                    0, 0, 0, 0, 0, 0, 0, 0, 0, 0, 257, 132, 130, 130, 130, 130, 130, 130, 130, 130, 130, 132, 132, 132, 132, 163, 163, 132, 132, 132, 132, 132, 132, 132, 132, 132, 163, 132, 163, 163, 163, 163, 163, 163, 163, 163, 163, 130, 130, 130, 130, 130, 130, 130, 163, 258, 0, 0, 0, 0,
                    0, 0, 0, 0, 0, 0, 0, 0, 0, 0, 257, 132, 130, 130, 130, 130, 130, 130, 130, 130, 130, 163, 163, 163, 163, 163, 163, 163, 163, 163, 163, 131, 131, 131, 131, 132, 163, 132, 163, 163, 163, 163, 163, 163, 163, 163, 163, 130, 130, 130, 130, 130, 130, 130, 163, 258, 0, 0, 0, 0,
                    0, 0, 0, 0, 0, 0, 0, 0, 0, 0, 257, 325, 325, 325, 325, 325, 325, 325, 325, 325, 325, 325, 325, 325, 325, 325, 325, 325, 325, 325, 325, 325, 325, 325, 325, 325, 325, 325, 325, 325, 325, 325, 325, 325, 325, 325, 325, 325, 325, 325, 325, 325, 325, 325, 325, 258, 0, 0, 0, 0,
                    0, 0, 0, 0, 0, 0, 0, 0, 0, 0, 289, 35, 35, 35, 35, 35, 35, 35, 35, 35, 35, 35, 35, 35, 35, 35, 35, 35, 35, 35, 35, 35, 35, 35, 35, 35, 35, 35, 35, 35, 35, 35, 35, 35, 35, 35, 35, 35, 35, 35, 35, 35, 35, 35, 35, 290, 0, 0, 0, 0,
                    0, 0, 0, 0, 0, 0, 0, 0, 0, 0, 0, 0, 0, 0, 0, 0, 0, 0, 0, 0, 0, 0, 0, 0, 0, 0, 0, 0, 0, 0, 0, 0, 0, 0, 0, 0, 0, 0, 0, 0, 0, 0, 0, 0, 0, 0, 0, 0, 0, 0, 0, 0, 0, 0, 0, 0, 0, 0, 0, 0],
                 "height":40,
                 "id":6,
                 "name":"Tile Layer 2",
                 "opacity":1,
                 "type":"tilelayer",
                 "visible":true,
                 "width":60,
                 "x":0,
                 "y":0
                }],
         "name":"decorations",
         "opacity":1,
         "type":"group",
         "visible":true,
         "x":0,
         "y":0
        }, 
        {
         "draworder":"topdown",
         "id":5,
         "name":"objects",
         "objects":[
                {
                 "class":"",
                 "height":16,
                 "id":7,
                 "name":"goblin",
                 "rotation":0,
                 "visible":true,
                 "width":16,
                 "x":326.097400346412,
                 "y":269.070038042945
                }, 
                {
                 "class":"",
                 "height":16,
                 "id":10,
                 "name":"goblin",
                 "rotation":0,
                 "visible":true,
                 "width":16,
                 "x":207.762329657821,
                 "y":264.426772763998
                }, 
                {
                 "class":"",
                 "height":16,
                 "id":11,
                 "name":"torch",
                 "rotation":0,
                 "visible":true,
                 "width":16,
                 "x":80.0459708015375,
                 "y":32.1851828919011
                }, 
                {
                 "class":"",
                 "height":16,
                 "id":12,
                 "name":"torch",
                 "rotation":0,
                 "visible":true,
                 "width":16,
                 "x":160.180323355421,
                 "y":32.1052205267649
                }, 
                {
                 "class":"",
                 "height":16,
                 "id":13,
                 "name":"barrel",
                 "rotation":0,
                 "visible":true,
                 "width":16,
                 "x":355.280558933242,
                 "y":259.524698025815
                }, 
                {
                 "class":"",
                 "height":16,
                 "id":14,
                 "name":"barrel",
                 "properties":[
                        {
                         "name":"nome",
                         "type":"string",
                         "value":"rafael"
                        }, 
                        {
                         "name":"tipo",
                         "type":"string",
                         "value":"doMal"
                        }],
                 "rotation":0,
                 "visible":true,
                 "width":16,
                 "x":160.147643337073,
                 "y":93.9440206533843
                }, 
                {
                 "class":"",
                 "height":16,
                 "id":15,
                 "name":"barrel",
                 "rotation":0,
                 "visible":true,
                 "width":16,
                 "x":127.981918033532,
                 "y":209.141702815586
                }, 
                {
                 "class":"",
                 "height":16,
                 "id":21,
                 "name":"goblin",
                 "rotation":0,
                 "visible":true,
                 "width":16,
                 "x":162.511569124222,
                 "y":195.528707088928
                }, 
                {
                 "class":"",
                 "height":16,
                 "id":22,
                 "name":"torch",
                 "rotation":0,
                 "visible":true,
                 "width":16,
                 "x":256,
                 "y":224
                }, 
                {
                 "class":"",
                 "height":16,
                 "id":23,
                 "name":"torch",
                 "rotation":0,
                 "visible":true,
                 "width":16,
                 "x":351.875,
                 "y":224
                }, 
                {
                 "class":"",
                 "height":16,
                 "id":24,
                 "name":"goblin",
                 "rotation":0,
                 "visible":true,
                 "width":16,
                 "x":97.3333333333334,
                 "y":279.333333333333
                }, 
                {
                 "class":"",
                 "height":16,
                 "id":26,
                 "name":"goblin",
                 "rotation":0,
                 "visible":true,
                 "width":16,
                 "x":455.5355026952,
                 "y":264.669927165536
                }, 
                {
                 "class":"",
                 "height":16,
                 "id":27,
                 "name":"goblin",
                 "rotation":0,
                 "visible":true,
                 "width":16,
                 "x":524.045466673782,
                 "y":85.3881210310049
                }, 
                {
                 "class":"",
                 "height":16,
                 "id":28,
                 "name":"goblin",
                 "rotation":0,
                 "visible":true,
                 "width":16,
                 "x":551.261433374246,
                 "y":165.968728320615
                }, 
                {
                 "class":"",
                 "height":16,
                 "id":29,
                 "name":"goblin",
                 "rotation":0,
                 "visible":true,
                 "width":16,
                 "x":786.599498372379,
                 "y":85.9217674368963
                }, 
                {
                 "class":"",
                 "height":16,
                 "id":30,
                 "name":"goblin",
                 "rotation":0,
                 "visible":true,
                 "width":16,
                 "x":879.987619403383,
                 "y":227.338064998132
                }, 
                {
                 "class":"",
                 "height":16,
                 "id":31,
                 "name":"goblin",
                 "rotation":0,
                 "visible":true,
                 "width":16,
                 "x":703.348017169105,
                 "y":259.380626309472
                }, 
                {
                 "class":"",
                 "height":16,
                 "id":32,
                 "name":"goblin",
                 "rotation":0,
                 "visible":true,
                 "width":16,
                 "x":798.873365707882,
                 "y":484.021986231923
                }, 
                {
                 "class":"",
                 "height":16,
                 "id":33,
                 "name":"goblin",
                 "rotation":0,
                 "visible":true,
                 "width":16,
                 "x":799.407012113774,
                 "y":549.660494156572
                }, 
                {
                 "class":"",
                 "height":16,
                 "id":35,
                 "name":"goblin",
                 "rotation":0,
                 "visible":true,
                 "width":16,
                 "x":624.157665933597,
                 "y":511.456561748577
                }, 
                {
                 "class":"",
                 "height":16,
                 "id":36,
                 "name":"barrel",
                 "rotation":0,
                 "visible":true,
                 "width":16,
                 "x":707.619830300443,
                 "y":463.743422808048
                }, 
                {
                 "class":"",
                 "height":16,
                 "id":37,
                 "name":"barrel",
                 "rotation":0,
                 "visible":true,
                 "width":16,
                 "x":719.276831877572,
                 "y":559.798454926407
                }, 
                {
                 "class":"",
                 "height":16,
                 "id":39,
                 "name":"barrel",
                 "rotation":0,
                 "visible":true,
                 "width":16,
                 "x":472.815411708202,
                 "y":571.539996798122
                }, 
                {
                 "class":"",
                 "height":16,
                 "id":40,
                 "name":"torch",
                 "rotation":0,
                 "visible":true,
                 "width":16,
                 "x":479.943816762207,
                 "y":223.892399430215
                }, 
                {
                 "class":"",
                 "height":16,
                 "id":41,
                 "name":"torch",
                 "rotation":0,
                 "visible":true,
                 "width":16,
                 "x":576.410323320334,
                 "y":47.6571323802199
                }, 
                {
                 "class":"",
                 "height":16,
                 "id":42,
                 "name":"torch",
                 "rotation":0,
                 "visible":true,
                 "width":16,
                 "x":656.420911578046,
                 "y":48.3920269490611
                }, 
                {
                 "class":"",
                 "height":16,
                 "id":43,
                 "name":"torch",
                 "rotation":0,
                 "visible":true,
                 "width":16,
                 "x":736.449200647671,
                 "y":48.3920269490611
                }, 
                {
                 "class":"",
                 "height":16,
                 "id":44,
                 "name":"torch",
                 "rotation":0,
                 "visible":true,
                 "width":16,
                 "x":832.48314753122,
                 "y":48.2059146488992
                }, 
                {
                 "class":"",
                 "height":16,
                 "id":45,
                 "name":"torch",
                 "rotation":0,
                 "visible":true,
                 "width":16,
                 "x":832.110922930897,
                 "y":224.082038301911
                }, 
                {
                 "class":"",
                 "height":16,
                 "id":46,
                 "name":"torch",
                 "rotation":0,
                 "visible":true,
                 "width":16,
                 "x":736.449200647671,
                 "y":224.454262902235
                }, 
                {
                 "class":"",
                 "height":16,
                 "id":47,
                 "name":"torch",
                 "rotation":0,
                 "visible":true,
                 "width":16,
                 "x":736.076976047347,
                 "y":416.336044369172
                }, 
                {
                 "class":"",
                 "height":16,
                 "id":48,
                 "name":"torch",
                 "rotation":0,
                 "visible":true,
                 "width":16,
                 "x":816.477489717295,
                 "y":416.336044369172
                }, 
                {
                 "class":"",
                 "height":16,
                 "id":49,
                 "name":"torch",
                 "rotation":0,
                 "visible":true,
                 "width":16,
                 "x":512.481638976959,
                 "y":528.311447463083
                }, 
                {
                 "class":"",
                 "height":16,
                 "id":50,
                 "name":"torch",
                 "rotation":0,
                 "visible":true,
                 "width":16,
                 "x":383.879964695499,
                 "y":528.451897616946
                }, 
                {
                 "class":"",
                 "height":16,
                 "id":51,
                 "name":"torch",
                 "rotation":0,
                 "visible":true,
                 "width":16,
                 "x":287.67519858782,
                 "y":528.275375110327
                }, 
                {
                 "class":"",
                 "height":16,
                 "id":52,
                 "name":"torch",
                 "rotation":0,
                 "visible":true,
                 "width":16,
                 "x":192.17652250662,
                 "y":528.098852603707
                }, 
                {
                 "class":"",
                 "height":16,
                 "id":53,
                 "name":"spike",
                 "rotation":0,
                 "visible":true,
                 "width":16,
                 "x":87.6568766981498,
                 "y":140.056928451287
                }, 
                {
                 "class":"",
                 "height":16,
                 "id":54,
                 "name":"spike",
                 "rotation":0,
                 "visible":true,
                 "width":16,
                 "x":182.192780437314,
                 "y":264.35088627248
                }, 
                {
                 "class":"",
                 "height":16,
                 "id":55,
                 "name":"spike",
                 "rotation":0,
                 "visible":true,
                 "width":16,
                 "x":297.020054340794,
                 "y":263.380514943718
                }, 
                {
                 "class":"",
                 "height":48,
                 "id":57,
                 "name":"column",
                 "rotation":0,
                 "visible":true,
                 "width":16,
                 "x":127.954545454545,
                 "y":120.068181818182
                }, 
                {
                 "class":"",
                 "height":16,
                 "id":58,
                 "name":"column",
                 "rotation":0,
                 "visible":true,
                 "width":16,
                 "x":84.5,
                 "y":207.5
                }, 
                {
                 "class":"",
                 "height":48,
                 "id":59,
                 "name":"column",
                 "rotation":0,
                 "visible":true,
                 "width":16,
                 "x":128.213005144612,
                 "y":238.561621687089
                }, 
                {
                 "class":"",
                 "height":48,
                 "id":60,
                 "name":"column",
                 "rotation":0,
                 "visible":true,
                 "width":16,
                 "x":239.602617951274,
                 "y":239.463214802559
                }, 
                {
                 "class":"",
                 "height":48,
                 "id":61,
                 "name":"column",
                 "rotation":0,
                 "visible":true,
                 "width":16,
                 "x":383.793321433071,
                 "y":239.137973948568
                }, 
                {
                 "class":"",
                 "height":48,
                 "id":62,
                 "name":"column",
                 "rotation":0,
                 "visible":true,
                 "width":16,
                 "x":495.863639935867,
                 "y":239.911288332937
                }, 
                {
                 "class":"",
                 "height":48,
                 "id":63,
                 "name":"column",
                 "rotation":0,
                 "visible":true,
                 "width":16,
                 "x":529.342678423393,
                 "y":174.959981912729
                }, 
                {
                 "class":"",
                 "height":48,
                 "id":64,
                 "name":"column",
                 "rotation":0,
                 "visible":true,
                 "width":16,
                 "x":703.432662597031,
                 "y":62.6681739392569
                }, 
                {
                 "class":"",
                 "height":48,
                 "id":65,
                 "name":"column",
                 "rotation":0,
                 "visible":true,
                 "width":16,
                 "x":576.068128721079,
                 "y":62.6681739392569
                }, 
                {
                 "class":"",
                 "height":48,
                 "id":66,
                 "name":"column",
                 "rotation":0,
                 "visible":true,
                 "width":16,
                 "x":816.478106865627,
                 "y":63.4218102343809
                }, 
                {
                 "class":"",
                 "height":48,
                 "id":67,
                 "name":"column",
                 "rotation":0,
                 "visible":true,
                 "width":16,
                 "x":879.783555656041,
                 "y":64.1754465295049
                }, 
                {
                 "class":"",
                 "height":48,
                 "id":68,
                 "name":"column",
                 "rotation":0,
                 "visible":true,
                 "width":16,
                 "x":880.537191951165,
                 "y":156.872710829754
                }, 
                {
                 "class":"",
                 "height":48,
                 "id":69,
                 "name":"column",
                 "rotation":0,
                 "visible":true,
                 "width":16,
                 "x":848.130831260834,
                 "y":238.265430703143
                }, 
                {
                 "class":"",
                 "height":48,
                 "id":70,
                 "name":"column",
                 "rotation":0,
                 "visible":true,
                 "width":16,
                 "x":703.96498806082,
                 "y":287.951728266389
                }, 
                {
                 "class":"",
                 "height":48,
                 "id":71,
                 "name":"column",
                 "rotation":0,
                 "visible":true,
                 "width":16,
                 "x":783.318109880172,
                 "y":236.758158112895
                }, 
                {
                 "class":"",
                 "height":48,
                 "id":72,
                 "name":"column",
                 "rotation":0,
                 "visible":true,
                 "width":16,
                 "x":703.875284259702,
                 "y":383.265767985022
                }, 
                {
                 "class":"",
                 "height":48,
                 "id":73,
                 "name":"column",
                 "rotation":0,
                 "visible":true,
                 "width":16,
                 "x":768.024073146358,
                 "y":446.846225521706
                }, 
                {
                 "class":"",
                 "height":48,
                 "id":74,
                 "name":"column",
                 "rotation":0,
                 "visible":true,
                 "width":16,
                 "x":768.245383977692,
                 "y":543.224916167916
                }, 
                {
                 "class":"",
                 "height":48,
                 "id":75,
                 "name":"column",
                 "rotation":0,
                 "visible":true,
                 "width":16,
                 "x":640.004452790777,
                 "y":543.221967496458
                }, 
                {
                 "class":"",
                 "height":48,
                 "id":76,
                 "name":"column",
                 "rotation":0,
                 "visible":true,
                 "width":16,
                 "x":640.225763622111,
                 "y":447.243995283818
                }, 
                {
                 "class":"",
                 "height":48,
                 "id":77,
                 "name":"column",
                 "rotation":0,
                 "visible":true,
                 "width":16,
                 "x":543.715465945684,
                 "y":543.488130228352
                },
            
                {
                 "class":"",
                 "height":48,
                 "id":78,
                 "name":"column",
                 "rotation":0,
                 "visible":true,
                 "width":16,
                 "x":351.771316206242,
                 "y":543.532982128911
                }, 
                {
                 "class":"",
                 "height":48,
                 "id":79,
                 "name":"column",
                 "rotation":0,
                 "visible":true,
                 "width":16,
                 "x":447.973547921675,
                 "y":543.135212366799
                }, 
                {
                 "class":"",
                 "height":48,
                 "id":80,
                 "name":"column",
                 "rotation":0,
                 "visible":true,
                 "width":16,
                 "x":255.703640192486,
                 "y":543.000656665122
                }, 
                {
                 "class":"",
                 "height":18.84375,
                 "id":81,
                 "name":"",
                 "rotation":0,
                 "text":
                    {
                     "color":"#ffffff",
                     "text":"Bonfire",
                     "wrap":true
                    },
                 "visible":true,
                 "width":53.953125,
                 "x":102.0859375,
                 "y":4.453125
                }, 
                {
                 "class":"",
                 "height":16,
                 "id":90,
                 "name":"chest",
                 "rotation":0,
                 "visible":true,
                 "width":16,
                 "x":664.5,
                 "y":89
                }, 
                {
                 "class":"",
                 "height":16,
                 "id":91,
                 "name":"wizard",
                 "rotation":0,
                 "visible":true,
                 "width":16,
                 "x":56.3564901739897,
                 "y":280.599824759044
                }, 
                {
                 "class":"",
                 "height":16,
                 "id":93,
                 "name":"critter",
                 "rotation":0,
                 "visible":true,
                 "width":16,
                 "x":258,
                 "y":241
                }, 
                {
                 "class":"",
                 "height":16,
                 "id":94,
                 "name":"chest",
                 "rotation":0,
                 "visible":true,
                 "width":16,
                 "x":160.356490173989,
                 "y":64.5998247590437
                }],
         "opacity":1,
         "type":"objectgroup",
         "visible":true,
         "x":0,
         "y":0
        }],
 "nextlayerid":15,
 "nextobjectid":96,
 "orientation":"orthogonal",
 "renderorder":"right-down",
 "tiledversion":"1.9.0",
 "tileheight":16,
 "tilesets":[
        {
         "firstgid":1,
         "source":"tileset\/0x72_DungeonTilesetII_v1.json"
        }],
 "tilewidth":16,
 "type":"map",
 "version":"1.9",
 "width":60
}