{ "columns":11,
 "image":"forest_decoration.png",
 "imageheight":176,
 "imagewidth":176,
 "margin":0,
 "name":"decoration",
 "spacing":0,
 "tilecount":121,
 "tiledversion":"1.8.4",
 "tileheight":16,
 "tiles":[
        {
         "id":38,
         "type":"above"
        }, 
        {
         "id":49,
         "objectgroup":
            {
             "draworder":"index",
             "id":2,
             "name":"",
             "objects":[
                    {
                     "height":11,
                     "id":2,
                     "name":"",
                     "rotation":0,
                     "type":"",
                     "visible":true,
                     "width":11.75,
                     "x":2.125,
                     "y":-0.125
                    }],
             "opacity":1,
             "type":"objectgroup",
             "visible":true,
             "x":0,
             "y":0
            }
        }, 
        {
         "id":59,
         "type":"above"
        }, 
        {
         "id":60,
         "type":"above"
        }, 
        {
         "id":70,
         "objectgroup":
            {
             "draworder":"index",
             "id":2,
             "name":"",
             "objects":[
                    {
                     "height":10.25,
                     "id":1,
                     "name":"",
                     "rotation":0,
                     "type":"",
                     "visible":true,
                     "width":9.875,
                     "x":6.25,
                     "y":0
                    }],
             "opacity":1,
             "type":"objectgroup",
             "visible":true,
             "x":0,
             "y":0
            }
        }, 
        {
         "id":71,
         "objectgroup":
            {
             "draworder":"index",
             "id":2,
             "name":"",
             "objects":[
                    {
                     "height":9.75,
                     "id":1,
                     "name":"",
                     "rotation":0,
                     "type":"",
                     "visible":true,
                     "width":10.375,
                     "x":0.125,
                     "y":0
                    }],
             "opacity":1,
             "type":"objectgroup",
             "visible":true,
             "x":0,
             "y":0
            }
        }],
 "tilewidth":16,
 "transparentcolor":"#ffffff",
 "type":"tileset",
 "version":"1.8"
}